{
  "left_elbow": 162.29360846053845,
  "right_elbow": 163.13394893918635,
  "left_shoulder": 174.25334828775493,
  "right_shoulder": 172.2359769483106,
  "left_knee": 179.64523190535692,
  "right_knee": 178.950046518002,
  "left_hip": 79.70148704219126,
  "right_hip": 80.28746441753628,
  "left_wrist": 158.91207967964039,
  "right_wrist": 159.645188251728,
  "left_ankle": 90.58093978400393,
  "right_ankle": 89.7542497331391,
  "left_heel": 56.069735973332335,
  "right_heel": 55.658111159979896,
  "neck": 90.61276572226402,
  "torso": 129.49307818383568
}