{
  "left_elbow": 46.60328006468051,
  "right_elbow": 43.61264830891133,
  "left_shoulder": 6.5025023018466275,
  "right_shoulder": 11.91712450488101,
  "left_knee": 136.0496462405896,
  "right_knee": 132.39132353025656,
  "left_hip": 128.65052836885928,
  "right_hip": 126.45684279824641,
  "left_wrist": 125.54909243063463,
  "right_wrist": 119.7032570547095,
  "left_ankle": 107.1509801368152,
  "right_ankle": 102.66190389872467,
  "left_heel": 61.034958649438636,
  "right_heel": 54.47632948803824,
  "neck": 34.30680561311155,
  "torso": 83.0372942070349
}
