{
  "left_elbow": 166.9504016691157,
  "right_elbow": 167.95672159692833,
  "left_shoulder": 35.35171741759525,
  "right_shoulder": 40.6855699836589,
  "left_knee": 62.816589113487545,
  "right_knee": 143.15648077731888,
  "left_hip": 26.859657098647485,
  "right_hip": 175.4750840042034,
  "left_wrist": 155.66814481845324,
  "right_wrist": 160.06497192001515,
  "left_ankle": 106.15154187032387,
  "right_ankle": 166.472435816111,
  "left_heel": 69.62356478616361,
  "right_heel": 117.11804971839521,
  "neck": 98.9726266148964,
  "torso": 161.72556010304405
}
