{
  "left_elbow": 83.08877288097531,
  "right_elbow": 81.3878055980198,
  "left_shoulder": 11.538504849931387,
  "right_shoulder": 7.911927064550475,
  "left_knee": 176.59544210399272,
  "right_knee": 176.549156806249,
  "left_hip": 151.7054537695992,
  "right_hip": 150.33950123337914,
  "left_wrist": 141.9112271190247,
  "right_wrist": 143.7210802068775,
  "left_ankle": 160.76953765054634,
  "right_ankle": 160.06746343806049,
  "left_heel": 101.44700345537487,
  "right_heel": 101.84207611532777,
  "neck": 76.70506536152382,
  "torso": 110.93268744091708
}
