{
  "left_elbow": 168.47468039947165,
  "right_elbow": 167.4654917854934,
  "left_shoulder": 64.01725320214126,
  "right_shoulder": 64.66383087905,
  "left_knee": 176.88614467828077,
  "right_knee": 177.8299696644383,
  "left_hip": 169.23634981387542,
  "right_hip": 170.60328306476927,
  "left_wrist": 92.78809932455884,
  "right_wrist": 108.25664303075693,
  "left_ankle": 110.78067805445106,
  "right_ankle": 112.77579021992022,
  "left_heel": 59.74185098169046,
  "right_heel": 59.80199808343381,
  "neck": 40.23635830927381,
  "torso": 98.46171095948858
}
