{
  "left_elbow": 165.28708535590945,
  "right_elbow": 166.60750224624888,
  "left_shoulder": 151.67109847879118,
  "right_shoulder": 151.71603666596096,
  "left_knee": 179.51264733470197,
  "right_knee": 178.94614377509802,
  "left_hip": 124.2130640316921,
  "right_hip": 126.29878258518929,
  "left_wrist": 156.13932095446506,
  "right_wrist": 151.57232787361534,
  "left_ankle": 98.97123384472036,
  "right_ankle": 90.53221527741871,
  "left_heel": 53.249863432861126,
  "right_heel": 49.18491612511842,
  "neck": 0.37447688672416213,
  "torso": 144.09822914554755
}