{
  "left_elbow": 157.78063308893968,
  "right_elbow": 160.57689154637217,
  "left_shoulder": 138.47200745662505,
  "right_shoulder": 131.3560587747092,
  "left_knee": 172.27707828799782,
  "right_knee": 179.02571087739284,
  "left_hip": 14.19898272865764,
  "right_hip": 19.406220792931624,
  "left_wrist": 118.22566762152493,
  "right_wrist": 128.6918247316862,
  "left_ankle": 114.96898731910227,
  "right_ankle": 120.03547157524099,
  "left_heel": 102.4045710470402,
  "right_heel": 66.9187156858821,
  "neck": 121.39408964866537,
  "torso": 26.352943753573317
}