{
  "left_elbow": 47.29805524286255,
  "right_elbow": 47.62565975003239,
  "left_shoulder": 38.1276867247334,
  "right_shoulder": 35.737477649113536,
  "left_knee": 179.97808956913929,
  "right_knee": 177.58283589547065,
  "left_hip": 178.5734107122678,
  "right_hip": 175.92255352648758,
  "left_wrist": 136.3234294612548,
  "right_wrist": 140.95983911071306,
  "left_ankle": 173.3455749539934,
  "right_ankle": 178.7591302248696,
  "left_heel": 159.7174409110834,
  "right_heel": 173.55839990066494,
  "neck": 51.68229643656259,
  "torso": 96.75715123029208
}