{
  "left_elbow": 76.9929113363795,
  "right_elbow": 80.2154268170997,
  "left_shoulder": 21.379078933525985,
  "right_shoulder": 28.973229256704762,
  "left_knee": 179.35346048727283,
  "right_knee": 179.6409964269631,
  "left_hip": 178.7124673712891,
  "right_hip": 178.46619267251742,
  "left_wrist": 150.3068880854125,
  "right_wrist": 156.80140948635182,
  "left_ankle": 100.93232233903849,
  "right_ankle": 100.03932186896016,
  "left_heel": 61.66086796410411,
  "right_heel": 59.97945818701368,
  "neck": 31.701429669505718,
  "torso": 133.27474512452736
}
