{
  "left_elbow": 165.7865079729522,
  "right_elbow": 172.66562119858332,
  "left_shoulder": 164.79789319395223,
  "right_shoulder": 176.13779094613471,
  "left_knee": 176.5484457415097,
  "right_knee": 24.240746566155035,
  "left_hip": 174.7759977328644,
  "right_hip": 122.45469005066164,
  "left_wrist": 178.78112476486868,
  "right_wrist": 177.77603875961452,
  "left_ankle": 165.67048148769317,
  "right_ankle": 121.16531890118915,
  "left_heel": 132.35745470593528,
  "right_heel": 84.47245984834383,
  "neck": 43.76165627105016,
  "torso": 92.63675842614046
}
